office,robert,weekend,project,film,release,york
film,war,star,child,2002,attack,movie
film,trial,rose,south,final,focus,story
film,actor,career,movie,award,role,martin
film,woman,york,production,career,director,experience
star,vote,series,television,battle,paul,special
family,series,tv,sale,didn,involved,force
house,authority,site,move,situation,fight,proposal
music,money,fund,help,industry,investment,tax
programme,music,friday,sunday,figure,move,appeal
film,award,life,thursday,british,actor,included
music,british,act,beat,single,club,following
record,school,2002,career,award,success,title
january,share,television,compared,fell,helped,stand
book,winner,paul,competition,tv,final,deal
music,star,executive,included,bos,step,eight
film,european,award,february,run,brought,admitted
record,charles,battle,helped,career,target,movie
film,office,taking,according,weekend,book,body
robert,actor,performance,role,star,remains,reason
film,production,tax,2003,council,law,due
story,popular,version,family,tv,played,programme
award,actor,choice,summer,national,take,experience
power,name,movie,real,sale,wrong,television
award,video,music,winner,title,taking,included
film,life,story,brown,right,short,date
don,television,war,tv,job,report,appeal
film,award,actor,star,british,role,martin
film,school,stage,played,star,london,television
award,charles,performance,key,music,actor,career
sale,york,london,picture,sold,champion,head
film,award,career,february,role,actor,martin
london,sold,buy,public,picture,amount,fear
found,seen,film,didn,accused,period,city
film,actor,star,picture,bring,choice,production
actor,due,star,released,information,past,film
film,actor,office,release,taking,director,charles
series,season,tv,summer,network,american,fell
family,tv,programme,huge,radio,television,remain
medium,tv,return,story,2001,series,february
music,school,industry,right,career,child,british
actor,star,film,school,career,movie,released
street,called,released,fan,support,music,issue
film,award,director,association,actor,paul,dollar
release,40,child,released,single,held,record
winner,award,book,life,robert,fourth,25
single,robert,book,include,british,create,child
national,film,third,taking,fourth,movie,total
award,film,british,ve,role,star,actor
star,actor,right,family,pay,president,film
performance,award,radio,music,martin,york,seven
award,film,movie,tv,compared,actor,seven
film,life,star,british,story,movie,actor
radio,single,music,40,fan,popular,buy
change,role,programme,production,idea,based,london
french,actor,york,message,school,family,award
picture,story,claimed,sold,star,remain,received
single,music,appeal,paul,live,biggest,record
50,rule,name,re,real,music,admitted
award,event,right,live,film,take,war
actor,york,ireland,doing,star,figure,film
film,event,ve,director,fund,support,nation
award,film,actor,winner,star,director,included
claimed,fell,fourth,13,take,40,project
award,event,star,13,live,act,single
film,dollar,award,name,decided,list,director
tv,list,television,rose,low,title,american
friday,house,monday,earlier,actor,vote,view
role,actor,film,book,video,award,american
film,music,story,production,hour,announced,party
film,director,south,received,charles,special,meanwhile
film,2002,card,major,found,called,2003
sale,name,spent,remains,annual,fund,hour
list,little,britain,television,radio,star,included
book,fourth,robert,child,award,life,actor
experience,council,special,child,personal,tv,national
film,stage,child,book,bring,story,production
figure,16,2003,13,newspaper,story,special
list,helped,john,sale,fourth,included,production
50,star,involved,released,record,bring,release
music,york,single,act,radio,list,party
film,family,take,authority,picture,release,story
wrong,sent,mobile,involved,view,phone,video
charles,40,dollar,sold,released,single,success
video,trial,local,name,tv,music,wrong
single,sold,cost,sale,profit,martin,fight
film,trial,movie,friday,court,book,release
role,film,award,american,success,performance,played
film,european,award,february,run,brought,admitted
film,movie,actor,martin,book,lead,role
film,production,saturday,family,music,television,story
film,office,movie,fourth,action,director,actor
role,course,special,18,stage,late,single
list,award,john,british,international,book,body
film,michael,life,february,career,personal,include
video,release,sold,film,sale,robert,martin
actor,found,trial,body,court,left,tv
film,award,return,winner,included,director,french
film,actor,office,release,taking,director,charles
award,tv,britain,little,office,martin,life
star,film,movie,french,newspaper,howard,reported
network,seen,business,16,similar,remain,rival
film,third,extra,short,brought,actor,book
award,beat,success,international,bit,ireland,winner
book,customer,release,series,16,13,remains
paul,tv,version,live,fan,performance,football
book,claim,evidence,brown,international,picture,message
video,production,injury,star,wrong,included,york
record,eight,released,re,ve,music,appeal
star,season,return,include,film,robert,13
message,sent,2002,late,child,previous,include
movie,film,weekend,version,taking,reach,office
network,programme,action,claim,legal,british,press
friday,following,star,act,record,sale,fourth
award,charge,despite,brown,involved,attack,stage
london,british,music,film,actor,stage,deal
award,film,international,director,profit,french,actor
award,network,recently,ensure,meanwhile,growing,list
trial,television,paul,remain,saturday,november,monday
film,life,story,brown,right,short,date
film,fear,list,live,television,actor,create
film,award,winner,included,standard,london,reason
network,series,television,take,newspaper,create,battle
injury,special,movie,star,actor,ensure,2002
award,international,french,beat,france,radio,music
director,music,winner,don,re,take,moment
film,create,book,series,robert,focus,picture
book,child,film,life,story,right,series
project,city,series,star,david,played,film
film,picture,political,conservative,past,international,martin
close,performance,wrong,story,york,received,fall
film,started,view,war,city,opportunity,american
actor,film,star,british,global,role,school
radio,agreed,50,television,york,howard,live
book,film,role,series,actor,martin,provide
star,final,actor,received,war,launch,test
lost,music,seven,25,leading,challenge,eight
film,war,fight,story,special,production,city
single,20,record,version,released,martin,sold
film,role,played,child,career,playing,star
trial,cost,potential,child,court,process,organisation
film,following,due,life,short,remains,course
provide,support,october,period,denied,career,city
annual,held,past,star,battle,vote,reason
digital,money,mp,report,public,television,spent
list,helped,john,sale,fourth,included,production
left,vote,winner,house,am,12,fourth
british,award,film,failed,lost,star,role
music,award,term,city,don,simply,street
award,south,bank,beat,tv,street,little
film,look,rule,extra,special,season,break
actor,star,extra,version,agreed,bbc news,taking
child,film,movie,tv,version,series,past
claim,record,video,court,music,star,appeal
event,summer,act,close,sunday,weekend,stage
film,award,director,actor,charles,dollar,career
information,short,friday,trying,spokesman,money,actor
star,newspaper,included,york,idea,15,south
office,award,film,movie,biggest,seen,concern
book,award,winner,found,director,process,included
stage,event,performance,held,20,music,weekend
stage,performance,role,return,film,book,bring
actor,star,book,movie,union,2001,november
film,thursday,movie,star,robert,press,project
film,star,british,actor,award,role,brought
music,industry,sale,euro,control,lost,business
local,action,device,involved,denied,wrong,weekend
sold,single,12,music,sale,bid,september
music,deal,cash,career,sport,tv,share
john,music,radio,bank,wale,thursday,idea
charles,music,brown,beat,compared,course,break
released,saturday,term,following,found,record,card
film,woman,series,book,movie,power,tv
film,book,line,director,authority,battle,child
single,music,released,fell,remains,decided,martin
film,actor,director,martin,charles,dollar,french
film,martin,included,played,brown,career,fall
meet,total,office,taking,fell,film,third
award,film,child,school,fan,television,vote
film,award,campaign,spent,picture,sent,special
court,film,child,star,2003,13,martin
film,role,hope,award,british,received,bbc news
actor,award,film,dollar,director,charles,half
television,child,march,tv,programme,health,compared
film,dollar,award,name,decided,list,director
single,success,fell,return,british,13,40
director,award,film,television,include,british,weekend
film,office,weekend,release,dollar,lead,taking
actor,child,performance,extra,stage,12,little
list,live,led,music,included,act,success
film,movie,boost,previous,foreign,office,biggest
john,vote,monday,actor,received,friday,house
event,sold,act,weekend,take,brown,annual
free,played,decided,paul,view,september,version
director,production,fell,french,included,york,2002
film,international,competition,war,movie,american,star
book,award,winner,popular,instead,family,national
film,euro,actor,france,newspaper,star,french
award,act,winner,europe,stage,global,video
movie,film,director,getting,actor,summer,25
stage,fan,monday,london,fight,agreed,allow
film,short,council,award,action,actor,press
series,tv,actor,special,war,thursday,main
film,released,friday,series,line,director,according
break,act,record,focus,course,school,2002
story,ago,director,television,production,agreed,idea
record,football,date,power,tv,ve,final
stage,press,admitted,sold,fan,friday,played
wale,money,actor,board,summer,city,buy
film,stage,manager,french,actor,paul,story
january,share,television,compared,fell,helped,stand
view,tv,course,evidence,started,fear,family
york,performance,star,course,stand,school,stage
film,actor,director,16,book,chance,england
music,radio,john,wale,live,thursday,bank
book,movie,child,am,final,industry,film
list,act,award,public,scotland,project,50
tv,radio,seen,life,television,particularly,summer
film,version,role,director,released,march,star
film,board,organisation,friday,half,ahead,director
figure,strong,compared,increase,europe,national,european
free,played,decided,paul,view,september,version
series,vote,child,house,monday,tv,version
film,movie,boost,previous,foreign,office,biggest
star,actor,right,family,pay,president,film
sale,ve,picture,tv,price,lot,money
extra,film,version,re,take,book,experience
award,actor,role,director,production,woman,performance
film,award,british,saturday,hope,director,spent
sale,music,single,digital,industry,100,information
story,role,star,film,robert,actor,book
action,legal,trial,forward,family,february,court
choice,music,european,third,sign,included,vote
film,award,dollar,actor,simply,view,event
meet,weekend,taking,office,record,12,held
cash,award,association,started,popular,sold,instead
industry,star,campaign,music,release,stop,record
dollar,performance,picture,movie,award,star,film
card,fan,event,sold,bill,name,bring
award,paul,role,national,television,actor,martin
film,award,performance,director,experience,production,project
music,paul,close,final,life,spent,york
course,ireland,award,mark,music,action,summer
film,led,industry,television,individual,research,production
music,saturday,take,paul,leading,street,stage
october,2002,single,friday,november,winning,award
john,include,music,sale,york,organisation,house
tv,winner,monday,series,tony,robert,compared
woman,name,claimed,legal,star,claim,provide
music,single,sale,online,campaign,help,release
single,six,release,rose,career,city,eight
single,record,version,blair,20,buy,released
film,meet,ago,act,lost,star,money
star,series,fan,pay,tv,site,13
sale,picture,2002,office,share,figure,film
paul,tv,version,live,fan,performance,football
film,movie,support,extra,charles,admitted,council
film,michael,music,life,story,career,public
brown,record,rose,released,fan,charge,security
french,france,film,robert,brown,sold,book
september,take,date,late,sold,saturday,50
film,event,life,director,french,television,focus
winner,award,radio,music,march,special,competition
fight,euro,led,50,process,amount,force
award,film,actor,france,french,release,school
star,film,actor,role,television,recently,newspaper
series,final,vote,sign,production,saturday,11
film,french,france,court,actor,received,allow
act,award,british,don,record,howard,live
actor,award,tv,star,film,movie,dollar
film,release,50,story,received,child,woman
helped,huge,england,britain,life,decision,spent
music,york,act,list,single,radio,tv
award,performance,dollar,winner,february,held,weekend
book,award,choice,winner,2005,sale,tough
moment,victory,tv,television,programme,winner,popular
court,london,charge,money,weekend,range,accused
award,key,charles,site,13,york,seven
award,key,music,single,received,eight,include
actor,film,found,included,body,right,american
include,december,music,live,fight,story,special
tv,medium,brought,seven,bid,sold,buy
street,free,don,fear,beat,hope,fourth
award,act,body,york,started,october,received
star,actor,award,dollar,winning,film,director
key,charles,tv,paul,school,february,football
office,award,tv,special,actor,matter,project
woman,charge,authority,evidence,forward,decision,reported
sale,music,single,digital,industry,100,information
2003,released,single,star,october,18,involved
film,robert,story,version,live,action,13
25,music,award,british,don,act,radio
woman,council,story,act,medium,told bbc,weekend
october,18,hour,100,pay,2003,40
star,actor,award,dollar,winning,film,director
music,sale,digital,industry,sold,released,fan
french,played,money,included,john,ve,david
award,film,actor,winner,star,director,included
trying,special,fan,started,didn,released,single
weekend,movie,position,held,strong,office,13
charles,late,award,house,career,city,eight
price,meet,september,sold,family,16,take
benefit,taking,hour,attack,stage,sold,act
record,music,life,belief,major,third,fourth
cash,manager,career,family,music,according,health
star,film,movie,french,newspaper,howard,reported
meet,weekend,office,13,role,film,robert
house,star,investment,monday,ve,lot,press
film,michael,life,february,career,personal,include
50,single,2003,eight,released,success,american
award,book,winner,child,club,six,included
single,release,18,sale,sunday,course,meet
date,monday,spokesman,short,forced,tuesday,played
film,picture,award,february,industry,robert,brought
director,production,fell,french,included,york,2002
programme,wrong,cash,york,individual,message,view
record,single,campaign,sunday,reach,release,winner
actor,award,film,dollar,director,charles,half
20,star,london,story,york,production,fear
child,saturday,opportunity,television,stand,project,2001
film,profit,picture,book,winner,version,december
series,council,programme,date,tv,britain,fourth
television,benefit,special,attack,network,11,tv
film,office,weekend,release,dollar,lead,taking
tv,war,film,attack,woman,network,extra
film,french,director,france,british,council,board
film,award,court,found,london,health,appeal
legal,released,re,performance,sale,charles,battle
saturday,card,brought,moment,involved,family,doing
tv,star,programme,radio,david,british,television
right,scotland,25,stage,eight,released,15
school,tv,life,public,included,career,late
film,award,movie,choice,campaign,tv,michael
office,robert,weekend,project,film,release,york
single,seven,release,meanwhile,18,winner,live
meet,office,film,weekend,taking,third,robert
remains,trial,star,actor,bit,live,friday
award,film,six,actor,forced,paul,step
award,film,actor,british,ve,woman,director
winner,sunday,actor,final,result,television,spent
school,video,make,television,story,received,september
list,music,rose,sunday,record,included,paul
film,movie,deal,little,director,brought,sign
battle,court,music,appeal,standard,comment,available
single,success,fell,return,british,13,40
single,fan,weekend,focus,special,18,saturday
award,film,actor,director,13,martin,paul
sent,received,series,tv,authority,picture,admitted
book,brown,howard,star,robert,13,actor
child,british,competition,future,16,provide,experience
act,success,money,tough,music,move,release
award,key,leading,performance,13,100,american
woman,film,release,based,office,taking,star
film,office,release,robert,fell,take,forced
award,actor,16,movie,monday,main,february
radio,york,giant,network,medium,return,particularly
award,summer,winner,film,director,actor,seven
sold,fan,100,london,sale,experience,included
american,television,award,music,series,tv,16
film,award,career,february,role,actor,martin
film,award,return,winner,included,director,french
award,tv,website,euro,take,battle,sport
london,radio,michael,special,live,actor,individual
office,film,weekend,release,head,american,robert
award,music,school,soon,september,sold,video
british,television,rose,series,tv,little,music
actor,tv,film,career,stage,product,award
official,single,20,board,date,march,playing
break,act,record,focus,course,school,2002
record,mark,released,court,return,release,stop
award,war,winner,film,actor,american,held
profit,court,dollar,movie,am,film,decision
sold,fan,date,city,friday,record,sale
fan,radio,music,decision,40,date,2002
single,fund,hope,star,money,record,help
customer,music,record,individual,force,standard,child
film,short,moment,award,ve,british,wrong
tv,law,current,tough,16,decided,proposal
director,film,actor,star,dollar,live,movie
british,act,union,form,re,music,seen
woman,industry,film,compared,found,council,production
music,re,party,admitted,paul,act,doing
film,child,series,event,12,office,fell
film,london,star,director,appeal,included,involved
tv,money,re,benefit,special,fund,performance
fan,music,date,february,announced,customer,forced
