union,involved,club,move,situation,process,bos
cup,united,meet,january,weekend,city,team
break,match,fourth,course,seven,victory,beat
injury,england,cup,saturday,international,october,stage
cup,beat,bit,victory,single,am,little
coach,involved,doing,performance,site,16,spent
club,board,united,chairman,director,proposal,fan
injury,earlier,six,bos,challenge,manager,season
money,title,life,fight,amount,claimed,force
match,chance,start,course,bit,didn,boost
final,start,record,robert,fourth,winning,personal
try,line,decision,wrong,tough,claimed,denied
offer,deal,scotland,bid,club,return,looking
wale,hand,claim,look,wrong,french,weekend
scotland,victory,pressure,wale,coach,situation,ireland
england,britain,victory,international,card,union,saturday
body,return,admitted,benefit,didn,october,make
wale,union,match,football,team,robert,french
break,champion,football,belief,chance,short,club
scotland,ireland,injury,friday,centre,gordon,test
cup,coach,champion,club,charge,following,weekend
match,cup,final,single,reach,paul,helped
united,return,following,late,cup,eight,injury
award,south,seven,international,england,short,gordon
match,tough,meet,leading,received,saturday,feel
ireland,england,coach,try,stop,step,moment
match,pressure,victory,effort,feel,event,lost
team,experience,cup,tough,bos,stage,victory
cup,football,south,competition,union,form,event
french,champion,am,card,fourth,course,bit
real,season,champion,club,admitted,united,winning
city,denied,head,left,half,looking,chance
decision,club,test,failed,sport,football,matter
difficult,chance,don,admitted,claimed,didn,moment
title,injury,break,champion,saying,run,lot
wale,injury,england,sign,admitted,experience,boost
final,huge,title,pressure,beat,played,lost
title,coming,seven,belief,friday,believe,final
goal,net,half,break,free,led,effort
cup,beat,bit,victory,single,am,little
test,coach,decision,appeal,body,spending,failed
lot,started,coming,match,return,run,start
minute,injury,lead,ahead,goal,hour,eight
march,team,woman,title,european,focus,trial
city,goal,bit,bos,season,tough,brought
running,return,soon,started,moment,live,comment
match,eight,reach,stop,hour,late,beat
match,title,feel,tough,experience,didn,victory
woman,award,association,annual,list,british,press
bring,champion,chance,cup,forward,united,return
action,appeal,football,sport,ve,euro,bit
champion,decided,battle,york,15,event,title
change,french,coach,november,coming,team,international
event,woman,single,playing,french,decided,seven
strong,fourth,picture,break,didn,fall,beat
title,mark,european,woman,personal,final,champion
wale,team,try,left,series,cup,south
wale,france,coach,team,hope,change,start
real,playing,story,am,radio,meanwhile,standard
title,european,mark,british,season,personal,final
england,centre,decided,stand,meanwhile,summer,force
england,ireland,team,report,summer,coming,ago
summer,team,fund,board,bos,boost,war
final,french,cup,woman,injury,season,title
wale,try,minute,left,victory,england,short
woman,money,able,club,england,didn,denied
manager,club,potential,season,re,job,start
final,title,fourth,victory,winning,form,power
final,cup,goal,minute,club,sunday,record
wale,half,cup,nation,french,pressure,saturday
am,charge,test,brought,evidence,body,stand
match,south,union,team,appeal,decided,board
robert,football,scotland,thursday,union,coach,chairman
scotland,ireland,try,victory,minute,left,sent
feel,england,look,international,take,forced,summer
sport,final,french,11,extra,13,press
american,beat,title,fell,short,13,admitted
wale,john,international,coach,playing,message,hard
england,form,nation,martin,six,wale,lot
beat,title,card,ago,run,fourth,martin
didn,beat,tough,fourth,make,champion,opportunity
product,belief,winning,change,take,admitted,trial
season,card,risk,injury,left,played,january
city,manager,job,decided,admitted,board,summer
event,doing,ve,able,start,french,reach
champion,winning,france,match,playing,final,lost
test,decision,appeal,statement,sport,final,international
start,brown,season,chance,england,coach,left
final,lot,return,don,admitted,didn,step
england,team,wale,france,champion,weekend,stop
weekend,forced,injury,running,european,decided,summer
wale,england,injury,centre,saturday,short,range
england,ireland,try,victory,hard,break,special
title,match,lead,reach,moment,make,career
manager,played,extra,martin,benefit,date,view
decided,sign,trial,cup,agreed,position,season
scotland,injury,weekend,course,potential,eight,opportunity
manager,rival,club,left,earlier,director,gordon
england,coach,match,matter,scotland,football,13
nation,scotland,six,ireland,team,wrong,battle
france,england,attempt,minute,lead,french,victory
champion,winning,winner,cup,injury,manager,sunday
winner,match,return,final,meet,south,champion
scotland,minute,forward,try,half,break,six
return,football,association,live,november,champion,american
england,ireland,despite,team,coach,france,sunday
try,six,ve,nation,england,ireland,am
injury,cup,mark,football,soon,matter,bid
cup,sunday,england,played,position,minute,am
club,deal,summer,money,didn,sport,offer
belief,european,euro,take,trial,victory,injury
wale,france,half,six,scotland,match,nation
team,decided,bit,18,union,success,february
champion,played,feel,court,card,french,16
club,manager,tuesday,return,england,newspaper,bos
focus,injury,season,january,team,european,helped
wale,united,club,am,john,leading,looking
director,denied,live,coach,personal,talk,lot
test,decision,evidence,career,charge,international,spent
goal,victory,try,chance,team,wrong,admitted
manager,season,football,belief,star,extra,french
minute,break,goal,chance,despite,range,sent
woman,money,able,club,england,didn,denied
13,reach,meanwhile,winner,stage,victory,eight
ireland,minute,south,lead,try,paul,pressure
cup,position,team,pressure,champion,club,form
individual,stage,manager,season,chairman,coming,try
england,brown,injury,following,decided,forced,seven
injury,ve,individual,running,season,reach,started
sport,hard,belief,instead,comment,charge,line
forced,13,victory,thursday,injury,beat,court
final,running,decided,process,york,step,hour
try,moment,coach,form,match,level,weekend
meeting,international,weekend,matter,ireland,make,career
injury,football,cup,played,press,bring,bos
england,cup,coach,deal,summer,september,champion
minute,final,late,south,weekend,fight,goal
record,champion,break,battle,18,winner,rival
england,press,wednesday,football,comment,coach,performance
cup,following,action,charge,official,control,january
form,european,trial,union,friday,champion,winning
bos,health,television,short,football,take,admitted
coach,report,french,association,victory,cup,saturday
match,england,injury,playing,start,six,test
club,deal,summer,money,didn,sport,offer
england,seven,cup,tough,scotland,ireland,2001
city,am,deal,paul,summer,feel,manager
match,cup,single,victory,friday,feel,played
cup,injury,single,form,david,forced,experience
club,talk,stand,seven,25,meet,manager
available,body,take,soon,admitted,provide,didn
goal,champion,playing,football,bos,belief,target
ve,scotland,re,wale,injury,saturday,difficult
goal,beat,winning,run,course,seven,moment
cup,match,real,martin,sport,difficult,fan
ireland,wale,saturday,performance,match,goal,meet
real,school,career,manager,am,believe,television
hope,final,sport,action,start,paul,brown
hold,tough,decided,started,seven,career,cup
national,press,team,make,coach,match,star
international,coach,playing,scotland,ireland,winner,cup
am,final,weekend,brought,goal,individual,18
european,career,victory,competition,union,britain,british
champion,record,attempt,career,failed,union,saturday
team,title,britain,champion,fourth,helped,test
wale,france,scotland,role,job,england,admitted
ireland,minute,goal,try,control,13,situation
return,injury,looking,able,european,summer,involved
beat,lost,meet,winner,thursday,form,american
club,move,trial,bos,city,local,sunday
record,champion,third,ireland,mark,course,break
goal,fan,chairman,head,line,half,michael
ireland,england,wale,belief,nation,major,past
team,european,step,city,champion,event,third
event,saying,wrong,story,association,woman,competition
ireland,season,particularly,period,success,france,england
official,decision,scotland,match,victory,stand,meanwhile
champion,season,competition,cup,team,16,fourth
champion,event,am,march,short,decided,course
england,scotland,belief,am,form,france,lot
test,charge,sport,trial,evidence,official,december
move,position,club,television,football,bos,accused
france,forward,wale,french,experience,summer,scotland
cup,injury,season,third,bos,winner,competition
london,situation,york,2002,city,competition,november
try,minute,london,robert,fourth,mark,played
robert,wale,injury,short,bos,united,concern
england,wale,injury,centre,ahead,start,take
cup,champion,club,winning,wednesday,huge,level
ireland,england,line,half,wale,attack,minute
france,england,didn,pressure,beat,re,half
didn,winning,final,title,chance,bit,pressure
club,united,future,soon,reach,board,trying
champion,played,feel,court,card,french,16
england,international,board,performance,match,football,claimed
united,sold,2001,champion,club,wednesday,start
ahead,appeal,goal,late,minute,lead,chance
football,association,didn,club,decision,don,decided
comment,football,coach,job,england,national,action
france,wale,injury,ireland,nation,match,england
match,cup,stage,beat,single,played,final
try,european,champion,minute,martin,fight,goal
britain,fourth,victory,france,woman,record,third
france,french,ireland,wale,nation,six,admitted
british,britain,moment,american,focus,remains,situation
ve,france,playing,england,ireland,saturday,coming
chance,howard,united,goal,break,paul,effort
move,spent,fan,tough,euro,brought,sign
wale,try,minute,left,victory,england,short
drive,victory,beat,minute,break,goal,low
lot,football,brought,bit,bos,senior,united
national,situation,team,coach,increase,ve,nation
test,charge,start,television,newspaper,claimed,denied
cup,march,october,ireland,football,provide,attempt
united,match,football,admitted,ve,tough,focus
england,cup,test,international,six,take,martin
wale,re,injury,final,remains,13,scotland
saturday,match,admitted,england,didn,ve,ahead
coach,bos,currently,help,football,martin,soon
course,victory,sunday,short,meanwhile,rival,woman
champion,match,fight,manager,team,star,lot
club,team,goal,bid,champion,am,wednesday
date,meeting,england,robert,football,situation,evidence
wale,match,belief,cup,agreed,injury,opportunity
deal,challenge,thursday,forward,club,david,ahead
victory,competition,saturday,played,final,third,short
lot,forced,career,difficult,winning,lost,run
wale,england,pressure,minute,left,ve,range
european,season,title,major,british,stage,previous
champion,trying,match,matter,challenge,event,court
united,cup,club,16,bos,potential,winner
minute,real,goal,title,england,fell,40
team,event,champion,extra,individual,2002,question
found,agency,legal,rule,centre,event,american
goal,team,bos,am,played,chance,drive
england,paul,match,despite,six,brown,test
england,team,start,lot,ireland,forward,talk
ireland,team,saturday,run,included,boost,march
gordon,scotland,forward,playing,nation,six,involved
risk,summer,meanwhile,city,saturday,manager,head
cup,injury,club,13,brought,sent,meanwhile
coach,team,doing,job,national,football,television
york,sport,public,course,challenge,question,running
france,meet,champion,beat,eight,match,tough
try,paul,minute,ahead,break,brown,stop
ireland,try,break,lead,victory,quarter,minute
victory,title,wrong,didn,beat,minute,main
football,saturday,united,manager,don,newspaper,association
goal,football,remains,bos,accused,senior,position
ve,injury,family,re,played,saying,don
victory,winning,didn,18,union,running,forward
ireland,france,french,position,wednesday,match,chance
meeting,britain,european,weekend,woman,champion,sunday
instead,france,match,return,level,team,change
champion,rival,hope,british,course,battle,view
start,euro,football,soon,matter,fall,live
cup,beat,ve,victory,single,winning,match
included,forward,ireland,david,gordon,school,cup
goal,experience,season,club,ve,football,spent
champion,injury,decided,leading,2002,woman,2001
ireland,gordon,injury,centre,team,weekend,risk
ireland,wale,france,eight,nation,england,six
card,fear,attack,saturday,available,manager,march
charge,test,right,sport,official,law,appeal
club,cup,final,helped,competition,previous,south
saturday,running,club,believe,looking,lot,don
award,final,winning,ahead,britain,life,course
season,chairman,bos,manager,charge,left,chance
european,title,run,paul,ireland,mark,team
england,cup,season,final,victory,union,feel
manager,club,decision,personal,france,remains,martin
situation,bid,am,real,report,sign,newspaper
television,body,agency,test,statement,programme,action
injury,bos,step,cup,feel,champion,manager
goal,line,video,united,technology,seen,bos
cup,team,britain,british,future,step,sport
appeal,weekend,united,spokesman,take,bit,meanwhile
season,february,nation,international,six,break,provide
match,season,club,played,european,start,football
nation,scotland,six,ireland,team,wrong,battle
united,ve,cup,manager,result,position,coming
france,injury,scotland,saturday,wednesday,weekend,brought
goal,manager,re,cup,difficult,performance,played
goal,minute,half,forward,robert,bos,pressure
minute,chance,goal,left,force,victory,press
france,french,team,fear,coach,centre,nation
injury,cup,season,final,champion,playing,team
half,tough,ireland,victory,minute,lot,football
club,don,live,allow,radio,law,deal
playing,admitted,body,october,2002,test,woman
champion,am,sunday,tough,french,forced,body
england,injury,ireland,wale,beat,coach,opportunity
wale,england,similar,union,2001,coach,football
strong,fourth,break,didn,fall,beat,friday
wale,england,action,step,coach,feel,match
united,minute,goal,lead,return,cup,played
wale,ireland,england,scotland,south,france,team
champion,london,record,paul,attempt,didn,18
club,football,future,investment,statement,money,cash
return,final,cup,champion,title,january,french
ve,england,real,return,start,live,club
england,nation,six,saturday,choice,moment,injury
goal,minute,close,past,drive,sent,free
minute,net,brown,winning,11,lead,michael
belief,european,euro,take,trial,victory,injury
ireland,wale,france,eight,nation,england,six
don,champion,team,matter,summer,period,belief
ireland,france,final,manager,2005,october,bid
european,woman,title,record,season,final,start
didn,beat,tough,fourth,make,champion,opportunity
scotland,team,lot,football,brought,bit,bring
bos,mark,action,soon,goal,career,injury
injury,union,look,career,sport,nation,six
scotland,board,war,fear,david,nation,level
football,city,am,playing,champion,club,title
hour,half,able,lot,didn,step,hope
record,woman,winning,soon,break,matter,didn
reported,sport,club,real,price,told bbc,situation
wale,injury,nation,england,six,weekend,hour
club,manager,injury,meeting,weekend,situation,difficult
european,performance,bit,competition,running,forward,personal
match,beat,american,16,tough,fourth,reach
evidence,bos,test,court,decision,brought,sent
job,am,bit,team,wrong,course,admitted
coach,season,title,event,2003,french,situation
goal,break,late,effort,chance,tough,fell
scotland,experience,cup,hand,manager,national,football
fight,force,sport,meeting,issue,decided,body
card,don,sent,report,gordon,bos,account
united,minute,lead,goal,scotland,18,free
am,match,press,lot,break,goal,bos
united,ve,cup,potential,beat,re,weekend
getting,england,belief,injury,forward,re,lost
united,opportunity,minute,result,weekend,football,fourth
scotland,nation,six,weekend,minute,season,return
fight,champion,match,spokesman,injury,allow,club
bos,city,manager,club,ve,past,despite
football,coach,title,team,cup,total,final
record,mark,champion,february,meeting,stand,18
january,brought,sign,bring,goal,bos,moment
didn,denied,claim,remains,newspaper,admitted,bos
cup,playing,remains,situation,difficult,coach,season
united,city,chance,brown,goal,minute,break
test,charge,result,decided,13,press,trial
match,chance,start,course,bit,didn,boost
england,injury,ireland,nation,six,saturday,weekend
saturday,match,admitted,england,didn,ve,ahead
fan,match,football,situation,stand,association,ensure
club,january,help,champion,season,am,title
match,start,victory,beat,difficult,david,return
season,seven,injury,forward,coming,role,played
final,ve,victory,saturday,title,match,played
real,move,risk,summer,manager,talk,deal
season,team,matter,robert,course,admitted,bit
club,united,board,proposal,bid,offer,situation
club,season,demand,offer,newspaper,break,risk
fourth,champion,victory,injury,match,tough,break
beat,champion,fell,french,break,battle,challenge
club,major,football,situation,take,drive,sign
union,club,money,tough,football,martin,admitted
fan,club,report,bos,cup,match,action
france,ireland,wale,england,weekend,scotland,pressure
united,bos,football,sent,particularly,association,didn
ireland,cup,final,season,victory,coach,winning
didn,winning,final,title,chance,bit,pressure
newspaper,career,running,feel,champion,series,wednesday
challenge,united,head,left,football,association,bos
final,huge,ve,denied,lead,little,fourth
sign,club,meeting,ve,real,offer,deal
test,evidence,charge,authority,body,leading,comment
test,sent,sport,coach,charge,decision,appeal
six,nation,victory,england,coach,title,france
run,stop,summer,didn,woman,sport,2001
england,sale,centre,left,nation,start,six
test,evidence,body,late,provide,association,date
injury,united,goal,return,city,come,sunday
charge,paul,wednesday,match,david,robert,football
injury,six,cup,bank,wrong,newspaper,break
fan,club,bid,saturday,newspaper,wale,city
football,career,woman,final,life,focus,stand
champion,ahead,fourth,winner,victory,15,minute
real,minute,fan,match,football,final,decided
coach,scotland,football,pressure,victory,nation,team
try,six,ve,nation,england,ireland,am
cup,2005,victory,season,event,tough,french
soon,return,chance,risk,summer,champion,season
record,meet,run,bit,mark,european,view
bid,real,summer,launch,currently,situation,admitted
sale,england,ireland,france,match,start,weekend
football,scotland,job,experience,choice,association,brown
final,lot,admitted,didn,step,50,champion
fourth,ireland,winner,leading,victory,late,competition
woman,match,third,reach,event,lost,life
france,wale,injury,coach,nation,chance,change
try,brown,victory,led,minute,blair,mark
medium,manager,act,coach,head,public,bring
champion,forward,form,mark,looking,2003,summer
am,team,london,event,decided,brought,trial
match,forced,reach,hour,victory,beat,15
running,london,run,bid,child,feel,found
season,card,risk,injury,left,played,january
britain,ve,hope,don,association,pressure,champion
goal,didn,performance,europe,european,competition,forward
england,coach,ireland,lost,stop,potential,wale
comment,bos,united,action,belief,manager,getting
injury,six,ve,hard,david,weekend,soon
bit,forward,half,match,little,tough,16
club,talk,40,goal,summer,fan,recently
bit,victory,low,event,getting,level,team
city,club,left,life,press,fan,south
london,york,woman,minute,title,12,record
woman,champion,remains,fourth,career,victory,title
england,france,return,wale,test,difficult,coach
competition,london,failed,injury,event,run,trial
summer,season,bring,goal,bos,target,re
real,club,16,euro,winner,stage,united
team,scotland,saturday,paul,coach,manager,centre
club,european,help,football,bit,cup,weekend
england,champion,european,international,third,take,40
injury,decided,bring,forced,body,didn,fear
match,rival,40,hour,winner,minute,lead
england,club,team,international,six,sale,cup
situation,winning,opportunity,third,course,battle,seven
city,extra,range,13,martin,goal,brown
friday,brought,25,come,centre,february,little
champion,injury,decided,leading,2002,woman,2001
am,european,euro,experience,trial,18,bid
am,french,break,forced,meanwhile,winner,beat
difficult,100,match,cup,injury,friday,form
rule,statement,claim,decision,process,body,agency
wale,england,rose,effort,minute,try,line
bid,offer,received,previous,ireland,chief executive,club
hope,football,goal,bid,cup,champion,fourth
champion,beat,victory,injury,french,american,match
appeal,test,sport,evidence,agency,accused,received
award,woman,vote,organisation,winner,global,coach
career,season,european,weekend,ireland,coach,trying
injury,special,club,six,sign,buy,close
bit,little,tough,injury,difficult,getting,try
challenge,playing,team,career,union,re,ve
season,european,focus,ensure,meanwhile,meet,thursday
champion,record,season,personal,european,bid,minute
break,hold,winner,american,match,net,court
beat,champion,40,woman,injury,previous,forward
club,bid,french,city,ve,fund,come
england,final,seven,friday,fell,brought,reach
test,trial,charge,16,decided,association,date
goal,champion,stage,result,mean,extra,drive
test,appeal,charge,sport,comment,situation,brought
deal,agreed,major,provide,experience,body,live
match,final,break,third,tough,16,fourth
trial,date,accused,champion,january,take,agency
coach,martin,close,talk,newspaper,cup,south
scotland,series,international,season,return,england,don
real,11,minute,left,found,result,device
test,remains,authority,agency,sport,international,situation
move,club,manager,talk,martin,city,come
trial,date,evidence,champion,star,appeal,focus
test,decision,appeal,30,authority,newspaper,trial
court,official,fourth,spent,attempt,amount,seven
wale,ve,nation,six,season,career,getting
england,six,ireland,pressure,live,injury,radio
england,france,half,failed,line,admitted,goal
season,champion,manager,talk,chance,lot,money
sent,injury,ve,look,robert,course,bit
match,fourth,goal,cup,united,club,third
february,return,october,injury,star,decided,risk
goal,half,chance,french,admitted,didn,stage
break,take,winner,career,victory,11,title
match,victory,tuesday,tough,card,decided,40
special,competition,injury,season,centre,hope,situation
cup,champion,club,winning,wednesday,huge,level
champion,run,decision,don,reason,step,career
woman,injury,tuesday,sunday,remains,fourth,cup
goal,champion,match,played,decided,admitted,break
goal,late,30,chance,fourth,helped,claimed
minute,goal,lead,fell,16,opportunity,half
didn,united,manager,am,team,result,situation
test,cup,appeal,french,september,belief,failed
event,2005,start,moment,union,opportunity,winning
event,2005,start,moment,union,opportunity,winning
ireland,try,break,lead,victory,quarter,minute
sport,team,britain,process,performance,david,british
weekend,bit,simply,moment,injury,effort,south
sale,brown,25,injury,friday,centre,february
wale,weekend,ve,star,benefit,ireland,released
deal,club,summer,manager,reason,message,remain
united,opportunity,minute,result,weekend,football,fourth
city,ve,bos,season,club,january,soon
england,centre,ireland,injury,coach,monday,france
france,scotland,wale,ireland,match,team,england
wale,england,ireland,scotland,coach,title,france
chairman,mark,offer,future,decided,claimed,october
didn,wale,ve,coach,re,try,france
award,summer,annual,winner,late,feel,winning
comment,football,coach,job,england,national,action
international,coach,playing,scotland,ireland,cup,available
england,career,cup,international,wrong,eight,injury
re,coach,don,tough,newspaper,amount,ireland
cup,single,chance,british,britain,tough,take
fan,united,saturday,paul,received,popular,cup
goal,minute,break,lead,six,pressure,received
cup,britain,lost,future,british,focus,career
united,course,personal,little,lost,football,french
television,body,agency,test,statement,programme,action
martin,manager,club,hope,football,sign,summer
cup,legal,wednesday,appeal,meeting,court,press
real,goal,victory,am,six,robert,break
manager,team,look,international,cup,difficult,opportunity
wale,summer,admitted,forced,didn,reported,career
goal,cup,record,robert,16,euro,bit
