tv,network,technology,programme,mean,launched,device
cash,london,bbc news,online,due,told bbc,sale
internet,computer,agency,message,security,public,similar
network,online,popular,live,call,net,demand
mobile,technology,phone,bit,coming,left,offer
phone,mobile,video,music,looking,football,course
internet,software,security,using,growing,version,campaign
march,2005,sale,device,40,goal,hour
network,child,digital,technology,data,global,research
line,phone,net,customer,growing,quarter,100
free,online,offer,site,short,18,software
left,technology,involved,sport,club,result,device
card,tv,idea,offer,soon,medium,money
radio,fan,music,production,site,name,american
site,user,website,data,chance,sign,fight
software,move,technology,benefit,attempt,free,released
card,test,technology,currently,international,french,range
digital,medium,european,organisation,project,right,feel
offer,title,level,tough,course,battle,simply
pc,computer,consumer,release,price,share,analyst
software,music,help,device,picture,create,york
phone,technology,network,2005,call,device,mobile
sale,title,release,weekend,sold,figure,launch
user,website,site,book,trial,received,concern
picture,personal,online,policy,website,city,bbc news
customer,power,step,reported,consumer,due,report
award,pc,product,medium,included,helped,computer
device,phone,sale,competition,mobile,message,movie
2005,version,fan,november,available,europe,euro
picture,project,city,website,25,standard,digital
stop,winner,event,competition,total,online,team
access,life,user,net,internet,course,book
tv,line,software,video,programme,technology,deal
music,digital,online,court,drive,launched,sold
school,project,information,computer,user,system,currently
cash,bank,network,risk,system,computer,data
released,computer,launch,data,able,2005,start
sport,fan,title,deal,look,right,rival
doing,radio,net,digital,business,site,medium
digital,tv,technology,net,european,device,mobile
rule,consumer,mobile,phone,cut,customer,using
job,computer,appeal,music,drive,pc,version
online,sale,live,record,fell,device,press
music,video,consumer,device,report,digital,european
computer,device,hand,using,pc,user,net
site,campaign,attack,data,computer,website,europe
net,authority,site,agency,school,hour,2002
site,technology,result,take,available,feel,huge
pc,running,technology,message,phone,product,computer
mobile,music,phone,sale,drive,according,released
picture,digital,online,drive,hard,site,share
music,technology,control,medium,device,able,film
mobile,phone,create,team,development,actor,according
date,woman,cost,consumer,period,18,2002
phone,message,mobile,customer,network,video,user
message,phone,re,call,system,mobile,technology
network,user,software,movie,charge,music,13
industry,child,video,research,meeting,issue,board
name,proposal,organisation,net,total,online,internet
net,amount,message,mean,sent,pc,online
customer,increase,britain,internet,february,offer,business
security,pc,software,attack,user,release,medium
release,pc,software,similar,released,giant,internet
pc,computer,medium,software,centre,user,hard
network,data,customer,helped,12,help,reach
tv,analyst,research,online,user,net,past
programme,tv,net,report,video,trial,hour
radio,internet,music,create,called,software,technology
phone,video,network,access,using,simply,internet
card,website,involved,information,site,using,benefit
line,according,compared,phone,american,figure,business
medium,attempt,25,sold,music,sale,appeal
price,customer,pc,internet,current,found,themselves
hour,online,playing,life,real,played,am
list,mobile,digital,technology,life,launch,street
free,online,offer,site,short,18,software
digital,access,fund,report,project,mobile,bank
technology,value,woman,life,industry,device,network
child,digital,re,device,pc,phone,idea
internet,net,tv,consumer,online,question,video
call,customer,free,offer,sign,internet,pc
mobile,system,phone,information,trial,access,using
technology,film,standard,picture,battle,data,using
pc,report,local,computer,user,analyst,third
site,website,security,message,started,hour,software
election,drive,forward,step,common,effort,left
technology,hold,data,video,current,able,future
offer,programme,tv,customer,similar,movie,video
computer,data,list,common,hard,result,card
network,site,december,system,called,movie,agreed
situation,project,child,team,future,look,focus
launch,released,video,computer,current,technology,film
music,offer,digital,customer,value,user,technology
football,manager,team,fan,look,sport,match
online,net,report,access,site,growing,internet
medium,foreign,television,mobile,production,investment,according
site,campaign,europe,data,net,brought,user
court,network,music,technology,industry,software,movie
software,version,user,computer,launched,giant,product
online,net,report,access,site,growing,internet
device,video,look,digital,consumer,radio,technology
pc,computer,drive,software,hard,cost,come
software,information,pc,message,system,computer,release
radio,mobile,network,data,available,consumer,offer
school,child,using,challenge,data,research,performance
system,future,version,centre,able,device,attempt
date,woman,cost,consumer,period,18,2002
digital,technology,medium,story,mobile,video,centre
sale,cost,euro,soon,customer,release,music
attack,site,net,data,target,network,information
story,getting,move,take,reach,evidence,experience
mobile,network,technology,data,system,access,available
computer,test,list,power,help,health,belief
site,campaign,attack,data,computer,website,europe
technology,current,return,website,system,film,fight
technology,digital,current,return,system,film,fight
system,internet,online,information,security,version,personal
software,internet,network,computer,involved,profit,themselves
user,internet,technology,analyst,software,allow,getting
network,music,technology,industry,legal,try,money
hour,system,customer,power,cost,software,data
information,court,legal,online,product,press,sent
law,council,european,software,fear,version,legal
legal,message,11,net,law,sent,battle
law,software,european,issue,hold,process,claimed
internet,law,message,term,using,sale,card
software,security,information,consumer,buy,personal,net
legal,website,deal,received,september,account,bbc news
user,call,net,free,mobile,phone,launch
digital,medium,european,organisation,project,right,feel
card,message,software,line,sent,body,simply
mobile,record,total,sent,december,2005,short
phone,range,mobile,series,user,security,technology
technology,video,device,digital,consumer,product,medium
american,compared,found,choice,project,access,child
online,user,due,16,popular,south,available
school,project,information,computer,user,system,currently
net,security,woman,user,pc,computer,research
data,software,system,pc,using,evidence,organisation
pc,free,user,software,soon,version,data
title,sold,released,20,popular,figure,sale
mobile,analyst,report,according,phone,rate,huge
system,consumer,control,digital,music,version,technology
account,system,online,released,statement,hard,using
digital,france,television,tv,launch,french,recent
technology,computer,pc,power,rival,tv,using
sale,title,release,weekend,sold,figure,launch
phone,mobile,report,nation,found,future,site
message,sent,party,mobile,short,sign,phone
power,life,hour,industry,mobile,pc,amount
online,public,common,role,policy,system,create
security,computer,software,user,national,site,phone
hour,system,customer,power,cost,software,data
launch,europe,price,euro,date,15,available
trial,summer,video,network,compared,take,customer
message,help,body,started,account,hand,information
mobile,phone,call,launched,network,popular,20
mobile,tv,music,standard,phone,europe,report
programme,version,video,digital,tv,record,drive
british,access,internet,user,found,technology,able
site,cash,website,net,attempt,list,official
tv,industry,device,digital,according,sold,information
data,process,computer,range,form,soon,step
security,software,pc,version,access,user,system
title,device,2005,mobile,pc,online,coming
information,court,legal,online,product,press,sent
war,star,feel,force,action,short,battle
mobile,phone,network,video,drive,sold,competition
radio,fan,music,production,site,name,american
system,40,amount,received,attack,financial,increase
city,radio,control,range,simply,moment,series
technology,device,digital,consumer,video,tv,released
card,test,technology,currently,international,french,range
phone,video,call,sign,available,using,cost
consumer,technology,allow,concern,half,reach,benefit
computer,customer,october,phone,personal,system,card
security,pc,software,attack,user,release,medium
list,weekend,choice,project,remain,themselves,popular
system,consumer,control,digital,music,version,technology
launch,released,march,little,earlier,european,sale
development,team,huge,title,industry,involved,video
product,trade,law,public,legal,information,site
video,phone,mobile,technology,meet,don,date
site,system,user,name,website,look,internet
mobile,phone,call,launched,network,popular,20
site,website,view,ensure,october,hour,attack
user,call,net,free,mobile,phone,launch
music,digital,mobile,version,family,research,analyst
system,technology,network,software,major,wrong,computer
user,network,pc,start,risk,version,low
technology,online,picture,based,research,user,looking
online,price,consumer,popular,buy,research,using
site,information,technology,popular,user,change,drive
film,mean,star,war,extra,picture,version
data,organisation,technology,hand,information,getting,european
run,product,device,range,pc,centre,current
user,security,system,digital,lot,right,software
net,standard,challenge,growth,internet,security,network
device,drive,data,hard,digital,consumer,music
award,film,music,television,sport,online,medium
data,process,computer,range,network,form,found
software,user,attempt,security,called,sent,release
user,rate,customer,phone,bill,net,beat
movie,software,industry,body,child,legal,site
online,key,short,french,range,martin,included
job,computer,appeal,music,drive,pc,version
name,bid,30,programme,website,winner,received
data,network,technology,change,pc,themselves,attack
phone,customer,call,bill,rate,pay,software
consumer,device,technology,digital,2005,video,product
computer,sold,pc,digital,music,device,range
music,technology,control,medium,device,able,film
message,sent,help,organisation,software,target,running
list,test,computer,research,announced,national,decided
result,user,information,site,net,report,research
site,legal,campaign,action,message,popular,network
power,consumer,mobile,technology,device,phone,bbc news
control,create,fan,little,challenge,rival,instead
mobile,record,total,sent,december,2005,short
release,software,user,net,version,internet,share
net,control,target,user,site,stop,difficult
digital,access,report,online,internet,net,remain
project,music,school,lot,six,take,soon
software,user,security,pc,available,computer,released
online,project,real,money,dollar,investment,buy
video,industry,tv,bring,challenge,movie,50
data,software,system,pc,using,evidence,organisation
site,information,technology,popular,user,change,drive
net,network,attack,website,information,computer,pc
list,mobile,digital,technology,life,launch,street
mobile,phone,digital,technology,tv,music,focus
music,internet,industry,online,net,found,record
pc,call,feel,title,battle,hour,war
software,attack,office,future,issue,course,forced
security,online,bank,card,net,individual,information
feel,simply,fan,name,title,recent,film
phone,message,mobile,customer,network,video,user
user,network,personal,security,net,device,fear
line,phone,net,customer,growing,quarter,100
bill,software,european,law,wrong,benefit,special
digital,access,report,online,internet,net,remain
movie,film,available,house,re,title,announced
tv,project,medium,production,allow,moment,software
user,security,message,rise,seen,software,buy
message,computer,pc,try,net,website,life
software,legal,european,council,proposal,law,free
device,medium,video,consumer,tv,deal,european
attack,network,net,system,help,information,computer
network,music,site,bbc news,support,website,agency
site,online,organisation,cash,agency,list,website
american,compared,found,choice,project,access,child
tv,picture,standard,line,film,able,industry
technology,body,idea,personal,future,device,network
software,user,security,pc,available,computer,released
mobile,phone,title,bit,playing,technology,short
phone,picture,mobile,newspaper,story,event,start
software,security,information,consumer,buy,personal,net
tv,programme,digital,offer,net,choice,technology
internet,belief,technology,remains,battle,stand,access
legal,website,deal,received,september,account,bbc news
child,digital,re,device,pc,phone,idea
computer,sold,pc,digital,music,device,range
mobile,device,office,access,growing,provide,summer
phone,site,software,attack,main,user,soon
local,access,price,technology,reach,product,huge
award,title,pc,mobile,special,hour,child
device,personal,appeal,allow,product,technology,range
mobile,list,phone,100,pc,device,computer
version,security,internet,released,user,due,rival
lead,mobile,product,computer,phone,technology,industry
available,appeal,version,user,experience,software,net
phone,mobile,user,launched,access,using,able
site,attack,net,campaign,view,user,reason
consumer,device,technology,digital,2005,video,product
law,software,legal,computer,proposal,european,fight
remains,hard,business,soon,experience,potential,fund
award,released,release,computer,title,2003,included
computer,team,project,released,common,following,decided
computer,child,project,create,video,form,research
site,award,annual,winner,idea,announced,website
music,digital,mobile,version,family,research,analyst
online,campaign,authority,court,website,release,foreign
price,customer,pc,internet,current,found,themselves
result,user,information,site,net,report,research
security,user,software,body,ensure,pc,message
sold,march,europe,device,launch,release,launched
software,user,attempt,security,called,sent,release
right,site,free,global,action,issue,don
device,launch,sold,release,hand,europe,share
site,list,online,term,popular,election,press
title,support,extra,device,buy,online,industry
system,version,network,software,legal,site,movie
belief,help,information,using,computer,version,instead
line,phone,summer,six,according,customer,reach
security,attack,network,organisation,left,system,report
internet,computer,agency,message,security,public,similar
call,phone,free,internet,user,net,head
computer,software,user,pc,information,consumer,personal
control,computer,team,york,research,device,step
technology,data,phone,consumer,using,short,mobile
street,pc,test,cost,picture,using,found
stop,online,team,final,eight,november,event
project,computer,health,help,research,body,board
mobile,tv,music,standard,phone,europe,report
technology,film,standard,picture,battle,data,using
act,message,sent,stop,themselves,law,action
technology,industry,idea,business,create,using,help
mobile,phone,call,south,line,research,access
offer,title,level,tough,course,battle,simply
system,agency,information,computer,technology,spokesman,project
device,look,action,mobile,title,control,little
net,user,internet,nation,mean,report,card
mobile,list,phone,pc,100,device,position
site,cash,website,net,attempt,list,official
site,force,access,information,net,website,version
head,video,hold,control,18,make,live
award,released,release,computer,title,2003,included
record,system,book,pressure,control,50,minute
security,software,pc,version,access,user,system
technology,idea,centre,research,euro,project,medium
security,found,network,net,london,york,data
video,fan,november,release,following,brought,launch
name,job,internet,mobile,currently,website,site
rule,consumer,mobile,phone,cut,customer,using
software,music,help,device,picture,create,york
research,compared,press,create,association,annual,25
phone,mobile,sold,technology,report,fear,profit
available,appeal,version,user,experience,software,net
tv,analyst,research,online,user,net,past
movie,industry,user,action,film,launched,legal
system,version,network,software,legal,site,movie
technology,video,device,digital,consumer,product,medium
radio,mobile,television,similar,phone,information,music
bill,software,european,law,wrong,benefit,special
feel,soon,bit,experience,simply,pc,force
industry,computer,started,career,movie,title,create
music,industry,court,site,pay,website,action
consumer,technology,allow,concern,half,reach,benefit
digital,technology,medium,story,mobile,video,centre
product,information,individual,future,internet,online,name
project,life,view,software,computer,technology,digital
control,computer,team,york,research,device,step
computer,television,re,video,technology,pc,tv
phone,mobile,consumer,technology,digital,help,stop
mobile,music,pc,phone,device,digital,drive
mobile,device,office,access,growing,provide,summer
released,title,release,pc,date,war,march
network,user,software,movie,charge,music,13
law,software,computer,europe,spent,bring,agency
mobile,phone,online,figure,technology,able,message
phone,range,mobile,series,user,security,technology
film,mean,star,war,extra,picture,version
sold,march,europe,device,launch,release,launched
run,running,2003,process,step,growing,involved
phone,mobile,book,lost,card,free,offer
campaign,phone,information,technology,mobile,data,huge
site,user,website,look,pc,stop,software
card,message,software,line,sent,body,simply
information,net,internet,user,giant,job,money
site,system,user,name,website,look,internet
site,version,user,test,rival,question,competition
internet,american,found,online,user,growth,site
political,campaign,video,online,form,medium,ago
product,action,software,legal,site,version,system
book,online,public,york,available,bring,project
mobile,music,phone,sale,drive,according,released
mobile,phone,title,bit,playing,technology,short
message,attack,security,organisation,try,business,remain
phone,attack,message,30,net,rate,security
technology,data,radio,device,network,help,short
user,version,security,music,launched,potential,software
device,look,action,mobile,title,control,little
information,change,mean,data,research,security,term
list,weekend,choice,project,remain,themselves,popular
phone,mobile,left,lost,london,according,pc
site,user,website,look,issue,internet,information
software,device,customer,help,cash,boost,spending
video,technology,pc,development,consumer,title,level
software,device,customer,help,cash,boost,spending
medium,information,story,account,idea,role,picture
phone,mobile,sold,technology,report,fear,profit
project,information,computer,local,network,system,organisation
tv,line,programme,europe,picture,european,television
network,music,technology,industry,legal,try,money
music,offer,digital,customer,value,user,technology
bank,account,data,card,personal,system,customer
law,council,european,software,fear,version,legal
technology,hold,data,video,current,able,future
mobile,tv,digital,user,radio,12,video
phone,mobile,consumer,technology,digital,help,stop
video,tv,programme,launched,product,information,include
sport,technology,growing,wale,data,try,using
mobile,network,technology,data,system,available,rate
internet,law,message,term,using,sale,card
film,digital,network,cost,picture,council,access
programme,tv,local,project,pc,net,sport
software,london,sale,cash,annual,warned,ago
computer,software,user,pc,information,consumer,personal
name,proposal,organisation,net,total,online,internet
system,40,amount,received,attack,financial,increase
attack,site,net,data,target,network,information
